Workbook

Sheet dados_obs_edq
A1: JDAY | B1: Data | C1: Cota | D1: Volume (Hm3) | E1: Volume (%) | F1: TempAgua(C) | G1: Evaporacao(hm3) | H1: Fosforo Total (mg/L P) | I1: Nitrogenio total (mg/L) | J1: Fosfato(mg/L) | K1: Nitrito-Nitrato(mg/L) | L1: chla_obs | M1: do_obs
A2: 1 | B2: 42370 | C2: 185.86 | D2: 22.912704 | E2: =D2/250.5 -> 0.091467879 | F2: =IFERROR(VLOOKUP(B2,'EDQ-01'!$B$12:$AR$115,43,FALSE()),-999) -> -999 | G2: 0.020690598 | H2: =IFERROR(VLOOKUP(B2,'EDQ-01'!$B$12:$AR$115,25,FALSE()),-999) -> -999 | I2: =IFERROR(VLOOKUP(B2,'EDQ-01'!$B$12:$AR$115,30,FALSE()),-999) -> -999 | J2: =IFERROR(0.4*H2," ") -> -399.6 | K2: =IFERROR(0.3*I2," ") -> -299.7 | L2: -999 | M2: -999
A3: 2 | B3: 42371 | C3: 185.85 | D3: 22.864616 | E3: =D3/250.5 -> 0.091275911 | F3: =IFERROR(VLOOKUP(B3,'EDQ-01'!$B$12:$AR$115,43,FALSE()),-999) -> -999 | G3: 0.020656097 | H3: =IFERROR(VLOOKUP(B3,'EDQ-01'!$B$12:$AR$115,25,FALSE()),-999) -> -999 | I3: =IFERROR(VLOOKUP(B3,'EDQ-01'!$B$12:$AR$115,30,FALSE()),-999) -> -999 | J3: =IFERROR(0.4*H3," ") -> -399.6 | K3: =IFERROR(0.3*I3," ") -> -299.7 | L3: -999 | M3: -999
A4: 3 | B4: 42372 | C4: 185.85 | D4: 22.864616 | E4: =D4/250.5 -> 0.091275911 | F4: =IFERROR(VLOOKUP(B4,'EDQ-01'!$B$12:$AR$115,43,FALSE()),-999) -> -999 | G4: 0.020656097 | H4: =IFERROR(VLOOKUP(B4,'EDQ-01'!$B$12:$AR$115,25,FALSE()),-999) -> -999 | I4: =IFERROR(VLOOKUP(B4,'EDQ-01'!$B$12:$AR$115,30,FALSE()),-999) -> -999 | J4: =IFERROR(0.4*H4," ") -> -399.6 | K4: =IFERROR(0.3*I4," ") -> -299.7 | L4: -999 | M4: -999
A5: 4 | B5: 42373 | C5: 185.84 | D5: 22.816599 | E5: =D5/250.5 -> 0.091084227 | F5: =IFERROR(VLOOKUP(B5,'EDQ-01'!$B$12:$AR$115,43,FALSE()),-999) -> -999 | G5: 0.02062164 | H5: =IFERROR(VLOOKUP(B5,'EDQ-01'!$B$12:$AR$115,25,FALSE()),-999) -> -999 | I5: =IFERROR(VLOOKUP(B5,'EDQ-01'!$B$12:$AR$115,30,FALSE()),-999) -> -999 | J5: =IFERROR(0.4*H5," ") -> -399.6 | K5: =IFERROR(0.3*I5," ") -> -299.7 | L5: -999 | M5: -999
A6: 5 | B6: 42374 | C6: 185.83 | D6: 22.768653 | E6: =D6/250.5 -> 0.090892825 | F6: =IFERROR(VLOOKUP(B6,'EDQ-01'!$B$12:$AR$115,43,FALSE()),-999) -> -999 | G6: 0.020587226 | H6: =IFERROR(VLOOKUP(B6,'EDQ-01'!$B$12:$AR$115,25,FALSE()),-999) -> -999 | I6: =IFERROR(VLOOKUP(B6,'EDQ-01'!$B$12:$AR$115,30,FALSE()),-999) -> -999 | J6: =IFERROR(0.4*H6," ") -> -399.6 | K6: =IFERROR(0.3*I6," ") -> -299.7 | L6: -999 | M6: -999
A7: 6 | B7: 42375 | C7: 185.82 | D7: 22.720778 | E7: =D7/250.5 -> 0.090701707 | F7: =IFERROR(VLOOKUP(B7,'EDQ-01'!$B$12:$AR$115,43,FALSE()),-999) -> -999 | G7: 0.020552856 | H7: =IFERROR(VLOOKUP(B7,'EDQ-01'!$B$12:$AR$115,25,FALSE()),-999) -> -999 | I7: =IFERROR(VLOOKUP(B7,'EDQ-01'!$B$12:$AR$115,30,FALSE()),-999) -> -999 | J7: =IFERROR(0.4*H7," ") -> -399.6 | K7: =IFERROR(0.3*I7," ") -> -299.7 | L7: -999 | M7: -999
A8: 7 | B8: 42376 | C8: 185.82 | D8: 22.720778 | E8: =D8/250.5 -> 0.090701707 | F8: =IFERROR(VLOOKUP(B8,'EDQ-01'!$B$12:$AR$115,43,FALSE()),-999) -> -999 | G8: 0.020552856 | H8: =IFERROR(VLOOKUP(B8,'EDQ-01'!$B$12:$AR$115,25,FALSE()),-999) -> -999 | I8: =IFERROR(VLOOKUP(B8,'EDQ-01'!$B$12:$AR$115,30,FALSE()),-999) -> -999 | J8: =IFERROR(0.4*H8," ") -> -399.6 | K8: =IFERROR(0.3*I8," ") -> -299.7 | L8: -999 | M8: -999
A9: 8 | B9: 42377 | C9: 185.81 | D9: 22.672973 | E9: =D9/250.5 -> 0.090510871 | F9: =IFERROR(VLOOKUP(B9,'EDQ-01'!$B$12:$AR$115,43,FALSE()),-999) -> -999 | G9: 0.020518528 | H9: =IFERROR(VLOOKUP(B9,'EDQ-01'!$B$12:$AR$115,25,FALSE()),-999) -> -999 | I9: =IFERROR(VLOOKUP(B9,'EDQ-01'!$B$12:$AR$115,30,FALSE()),-999) -> -999 | J9: =IFERROR(0.4*H9," ") -> -399.6 | K9: =IFERROR(0.3*I9," ") -> -299.7 | L9: -999 | M9: -999
A10: 9 | B10: 42378 | C10: 185.8 | D10: 22.625239 | E10: =D10/250.5 -> 0.090320317 | F10: =IFERROR(VLOOKUP(B10,'EDQ-01'!$B$12:$AR$115,43,FALSE()),-999) -> -999 | G10: 0.020484243 | H10: =IFERROR(VLOOKUP(B10,'EDQ-01'!$B$12:$AR$115,25,FALSE()),-999) -> -999 | I10: =IFERROR(VLOOKUP(B10,'EDQ-01'!$B$12:$AR$115,30,FALSE()),-999) -> -999 | J10: =IFERROR(0.4*H10," ") -> -399.6 | K10: =IFERROR(0.3*I10," ") -> -299.7 | L10: -999 | M10: -999
A11: 10 | B11: 42379 | C11: 185.8 | D11: 22.625239 | E11: =D11/250.5 -> 0.090320317 | F11: =IFERROR(VLOOKUP(B11,'EDQ-01'!$B$12:$AR$115,43,FALSE()),-999) -> -999 | G11: 0.020484243 | H11: =IFERROR(VLOOKUP(B11,'EDQ-01'!$B$12:$AR$115,25,FALSE()),-999) -> -999 | I11: =IFERROR(VLOOKUP(B11,'EDQ-01'!$B$12:$AR$115,30,FALSE()),-999) -> -999 | J11: =IFERROR(0.4*H11," ") -> -399.6 | K11: =IFERROR(0.3*I11," ") -> -299.7 | L11: -999 | M11: -999
A12: 11 | B12: 42380 | C12: 185.8 | D12: 22.625239 | E12: =D12/250.5 -> 0.090320317 | F12: =IFERROR(VLOOKUP(B12,'EDQ-01'!$B$12:$AR$115,43,FALSE()),-999) -> -999 | G12: 0.020484243 | H12: =IFERROR(VLOOKUP(B12,'EDQ-01'!$B$12:$AR$115,25,FALSE()),-999) -> -999 | I12: =IFERROR(VLOOKUP(B12,'EDQ-01'!$B$12:$AR$115,30,FALSE()),-999) -> -999 | J12: =IFERROR(0.4*H12," ") -> -399.6 | K12: =IFERROR(0.3*I12," ") -> -299.7 | L12: -999 | M12: -999
A13: 12 | B13: 42381 | C13: 185.8 | D13: 22.625239 | E13: =D13/250.5 -> 0.090320317 | F13: =IFERROR(VLOOKUP(B13,'EDQ-01'!$B$12:$AR$115,43,FALSE()),-999) -> -999 | G13: 0.020484243 | H13: =IFERROR(VLOOKUP(B13,'EDQ-01'!$B$12:$AR$115,25,FALSE()),-999) -> -999 | I13: =IFERROR(VLOOKUP(B13,'EDQ-01'!$B$12:$AR$115,30,FALSE()),-999) -> -999 | J13: =IFERROR(0.4*H13," ") -> -399.6 | K13: =IFERROR(0.3*I13," ") -> -299.7 | L13: -999 | M13: -999
... A2193: 2192 | B2193: 44561 | C2193: 194.18 | D2193: 92.961306 | E2193: =D2193/250.5 -> 0.37110302 | F2193: =IFERROR(VLOOKUP(B2193,'EDQ-01'!$B$12:$AR$115,43,FALSE()),-999) -> -999 | G2193: 0.083278584 | H2193: =IFERROR(VLOOKUP(B2193,'EDQ-01'!$B$12:$AR$115,25,FALSE()),-999) -> -999 | I2193: =IFERROR(VLOOKUP(B2193,'EDQ-01'!$B$12:$AR$115,30,FALSE()),-999) -> -999 | J2193: =IFERROR(0.4*H2193," ") -> -399.6 | K2193: =IFERROR(0.3*I2193," ") -> -299.7 | L2193: -999 | M2193: -999

Sheet dados_obs_evp_edq
A1: JDAY | B1: Data | C1: Cota | D1: Volume (Hm³) | E1: Volume (%) | F1: Temperatura Água (ºC) | G1: Fósforo Total (mg/L P) | H1: Nitrogênio total (mg/L) | I1: Fosfato(mg/L) | J1: Nitrito-Nitrato(mg/L)
A2: 1 | B2: 42370 | C2: 185.86 | D2: 22.912704 | E2: =D2/250.5 -> 0.091467879 | F2: =IFERROR(VLOOKUP(B2,'EDQ-01'!$B$12:$AR$115,43,FALSE()),-999) -> -999 | G2: =IFERROR(VLOOKUP(B2,'EDQ-01'!$B$12:$AR$115,25,FALSE()),-999) -> -999 | H2: =IFERROR(VLOOKUP(B2,'EDQ-01'!$B$12:$AR$115,30,FALSE()),-999) -> -999 | I2: =IFERROR(0.4*G2," ") -> -399.6 | J2: =IFERROR(0.3*H2," ") -> -299.7
A3: 2 | B3: 42371 | C3: 185.85 | D3: 22.864616 | E3: =D3/250.5 -> 0.091275911 | F3: =IFERROR(VLOOKUP(B3,'EDQ-01'!$B$12:$AR$115,43,FALSE()),-999) -> -999 | G3: =IFERROR(VLOOKUP(B3,'EDQ-01'!$B$12:$AR$115,25,FALSE()),-999) -> -999 | H3: =IFERROR(VLOOKUP(B3,'EDQ-01'!$B$12:$AR$115,30,FALSE()),-999) -> -999 | I3: =IFERROR(0.4*G3," ") -> -399.6 | J3: =IFERROR(0.3*H3," ") -> -299.7
A4: 3 | B4: 42372 | C4: 185.85 | D4: 22.864616 | E4: =D4/250.5 -> 0.091275911 | F4: =IFERROR(VLOOKUP(B4,'EDQ-01'!$B$12:$AR$115,43,FALSE()),-999) -> -999 | G4: =IFERROR(VLOOKUP(B4,'EDQ-01'!$B$12:$AR$115,25,FALSE()),-999) -> -999 | H4: =IFERROR(VLOOKUP(B4,'EDQ-01'!$B$12:$AR$115,30,FALSE()),-999) -> -999 | I4: =IFERROR(0.4*G4," ") -> -399.6 | J4: =IFERROR(0.3*H4," ") -> -299.7
A5: 4 | B5: 42373 | C5: 185.84 | D5: 22.816599 | E5: =D5/250.5 -> 0.091084227 | F5: =IFERROR(VLOOKUP(B5,'EDQ-01'!$B$12:$AR$115,43,FALSE()),-999) -> -999 | G5: =IFERROR(VLOOKUP(B5,'EDQ-01'!$B$12:$AR$115,25,FALSE()),-999) -> -999 | H5: =IFERROR(VLOOKUP(B5,'EDQ-01'!$B$12:$AR$115,30,FALSE()),-999) -> -999 | I5: =IFERROR(0.4*G5," ") -> -399.6 | J5: =IFERROR(0.3*H5," ") -> -299.7
A6: 5 | B6: 42374 | C6: 185.83 | D6: 22.768653 | E6: =D6/250.5 -> 0.090892825 | F6: =IFERROR(VLOOKUP(B6,'EDQ-01'!$B$12:$AR$115,43,FALSE()),-999) -> -999 | G6: =IFERROR(VLOOKUP(B6,'EDQ-01'!$B$12:$AR$115,25,FALSE()),-999) -> -999 | H6: =IFERROR(VLOOKUP(B6,'EDQ-01'!$B$12:$AR$115,30,FALSE()),-999) -> -999 | I6: =IFERROR(0.4*G6," ") -> -399.6 | J6: =IFERROR(0.3*H6," ") -> -299.7
A7: 6 | B7: 42375 | C7: 185.82 | D7: 22.720778 | E7: =D7/250.5 -> 0.090701707 | F7: =IFERROR(VLOOKUP(B7,'EDQ-01'!$B$12:$AR$115,43,FALSE()),-999) -> -999 | G7: =IFERROR(VLOOKUP(B7,'EDQ-01'!$B$12:$AR$115,25,FALSE()),-999) -> -999 | H7: =IFERROR(VLOOKUP(B7,'EDQ-01'!$B$12:$AR$115,30,FALSE()),-999) -> -999 | I7: =IFERROR(0.4*G7," ") -> -399.6 | J7: =IFERROR(0.3*H7," ") -> -299.7
A8: 7 | B8: 42376 | C8: 185.82 | D8: 22.720778 | E8: =D8/250.5 -> 0.090701707 | F8: =IFERROR(VLOOKUP(B8,'EDQ-01'!$B$12:$AR$115,43,FALSE()),-999) -> -999 | G8: =IFERROR(VLOOKUP(B8,'EDQ-01'!$B$12:$AR$115,25,FALSE()),-999) -> -999 | H8: =IFERROR(VLOOKUP(B8,'EDQ-01'!$B$12:$AR$115,30,FALSE()),-999) -> -999 | I8: =IFERROR(0.4*G8," ") -> -399.6 | J8: =IFERROR(0.3*H8," ") -> -299.7
A9: 8 | B9: 42377 | C9: 185.81 | D9: 22.672973 | E9: =D9/250.5 -> 0.090510871 | F9: =IFERROR(VLOOKUP(B9,'EDQ-01'!$B$12:$AR$115,43,FALSE()),-999) -> -999 | G9: =IFERROR(VLOOKUP(B9,'EDQ-01'!$B$12:$AR$115,25,FALSE()),-999) -> -999 | H9: =IFERROR(VLOOKUP(B9,'EDQ-01'!$B$12:$AR$115,30,FALSE()),-999) -> -999 | I9: =IFERROR(0.4*G9," ") -> -399.6 | J9: =IFERROR(0.3*H9," ") -> -299.7
A10: 9 | B10: 42378 | C10: 185.8 | D10: 22.625239 | E10: =D10/250.5 -> 0.090320317 | F10: =IFERROR(VLOOKUP(B10,'EDQ-01'!$B$12:$AR$115,43,FALSE()),-999) -> -999 | G10: =IFERROR(VLOOKUP(B10,'EDQ-01'!$B$12:$AR$115,25,FALSE()),-999) -> -999 | H10: =IFERROR(VLOOKUP(B10,'EDQ-01'!$B$12:$AR$115,30,FALSE()),-999) -> -999 | I10: =IFERROR(0.4*G10," ") -> -399.6 | J10: =IFERROR(0.3*H10," ") -> -299.7
A11: 10 | B11: 42379 | C11: 185.8 | D11: 22.625239 | E11: =D11/250.5 -> 0.090320317 | F11: =IFERROR(VLOOKUP(B11,'EDQ-01'!$B$12:$AR$115,43,FALSE()),-999) -> -999 | G11: =IFERROR(VLOOKUP(B11,'EDQ-01'!$B$12:$AR$115,25,FALSE()),-999) -> -999 | H11: =IFERROR(VLOOKUP(B11,'EDQ-01'!$B$12:$AR$115,30,FALSE()),-999) -> -999 | I11: =IFERROR(0.4*G11," ") -> -399.6 | J11: =IFERROR(0.3*H11," ") -> -299.7
A12: 11 | B12: 42380 | C12: 185.8 | D12: 22.625239 | E12: =D12/250.5 -> 0.090320317 | F12: =IFERROR(VLOOKUP(B12,'EDQ-01'!$B$12:$AR$115,43,FALSE()),-999) -> -999 | G12: =IFERROR(VLOOKUP(B12,'EDQ-01'!$B$12:$AR$115,25,FALSE()),-999) -> -999 | H12: =IFERROR(VLOOKUP(B12,'EDQ-01'!$B$12:$AR$115,30,FALSE()),-999) -> -999 | I12: =IFERROR(0.4*G12," ") -> -399.6 | J12: =IFERROR(0.3*H12," ") -> -299.7
A13: 12 | B13: 42381 | C13: 185.8 | D13: 22.625239 | E13: =D13/250.5 -> 0.090320317 | F13: =IFERROR(VLOOKUP(B13,'EDQ-01'!$B$12:$AR$115,43,FALSE()),-999) -> -999 | G13: =IFERROR(VLOOKUP(B13,'EDQ-01'!$B$12:$AR$115,25,FALSE()),-999) -> -999 | H13: =IFERROR(VLOOKUP(B13,'EDQ-01'!$B$12:$AR$115,30,FALSE()),-999) -> -999 | I13: =IFERROR(0.4*G13," ") -> -399.6 | J13: =IFERROR(0.3*H13," ") -> -299.7
... A2193: 2192 | B2193: 44561 | C2193: 194.18 | D2193: 92.961306 | E2193: =D2193/250.5 -> 0.37110302 | F2193: =IFERROR(VLOOKUP(B2193,'EDQ-01'!$B$12:$AR$115,43,FALSE()),-999) -> -999 | G2193: =IFERROR(VLOOKUP(B2193,'EDQ-01'!$B$12:$AR$115,25,FALSE()),-999) -> -999 | H2193: =IFERROR(VLOOKUP(B2193,'EDQ-01'!$B$12:$AR$115,30,FALSE()),-999) -> -999 | I2193: =IFERROR(0.4*G2193," ") -> -399.6 | J2193: =IFERROR(0.3*H2193," ") -> -299.7

Sheet EDQ-01
A1: Nome | C1: Açude Edson Queiroz
A2: Ponto | C2: EDQ-01
A3: Latitude | C3: -4.2180977
A4: Longitude | C4: -40.064598
A5: Ref. de localização | C5: Próximo à Barragem
A6: Início do monitoramento | C6: 39580
A7: Última medição | C7: 44755
A8: Nº Total de Parâmetros
A9: Profundidades de coleta | C9: Superfície
C10: Ao longo da coluna d'água:
B11: 1 | C11: 2 | D11: 3 | E11: 4 | F11: 5 | G11: 6 | H11: 7 | I11: 8 | J11: 9 | K11: 10 | L11: 11 | M11: 12 | N11: 13 | O11: 14 | P11: 15 | Q11: 16 | R11: 17 | S11: 18 | T11: 19 | U11: 20 | V11: 21 | W11: 22 | X11: 23 | Y11: 24 | Z11: 25 | AA11: 26 | AB11: 27 | AC11: 28 | AD11: 29 | AE11: 30 | AF11: 31 | AG11: 32 | AH11: 33 | AI11: 34 | AJ11: 35 | AK11: 36 | AL11: 37 | AM11: 38 | AN11: 39 | AO11: 40 | AP11: 41 | AQ11: 42 | AR11: 43
A12: ANO | B12: DATA | C12: PROF | D12: Alcalinidade Bicarbonato (mg/L CaCO3) | E12: Alcalinidade Carbonato (mg/L CaCO3) | F12: Alcalinidade Hidróxido (mg/L CaCO3) | G12: C. Elét. Lab (µS/cm) | H12: C. Elét. Sonda (µS/cm) | I12: Cálcio (mg/L Ca) | J12: Cloretos Lab. (mg/L Cl) | K12: Cloretos Sonda (mg/L Cl) | L12: Clorofila-a Lab. (µg/L) | M12: Clorofila-a Sonda (µg/L) | N12: Colif. Termotolerantes (NMP/100ml) | O12: Colif. Totais (NMP/100mL) | P12: Cont. Cianobacterias Lab (Células/mL) | Q12: Contagem dos Demais Grupos (Células/mL) | R12: Cor Verdadeira (mgPt/L) | S12: DBO (mg/L O2) | T12: DQO (mg/L O2) | U12: Dureza Total (mg/L CaCO3) | V12: Escherichia coli (NMP/100mL) | W12: Feofitina (µg/L) | X12: Ferro (mg/L Fe) | Y12: Ferro dissolvido (mg/L Fe) | Z12: Fósforo Total (mg/L P) | AA12: Magnésio (mg/L Mg) | AB12: Nitratos Lab (mg N-NO3-/L) | AC12: Nitrito (mg N-NO2-/L) | AD12: Nitrogênio Amoniacal Lab (mg N-NH3/L) | AE12: Nitrogênio total (mg/L) | AF12: OD Lab. (mg/L O2) | AG12: OD Sonda (mg/L O2) | AH12: Ortof. Solúvel (mg/L) | AI12: pH Lab | AJ12: pH Sonda | AK12: Potássio (mg/L K) | AL12: Salinidade (porcentagemMil) | AM12: Sódio (mg/L Na) | AN12: Sól. Dissolv. Totais Lab (mg/L) | AO12: Sól. Dissolv. Totais Sonda (g/L) | AP12: Sólidos Totais (mg/L) | AQ12: Sulfatos (mg/L) | AR12: Temperatura Água (ºC) | AS12: Temperatura Ar (ºC) | AT12: Transparência (m) | AU12: Turbidez Lab (NTU) | AV12: Turbidez Sonda (NTU)
B13: 39580 | C13: 0.3 | P13: 97112.9 | Q13: 896
B14: 39581 | C14: 0.3 | D14: 79.3 | E14: 8.95 | F14: 8.95 | G14: 210 | H14: 228 | I14: 21.9 | J14: 32.5 | L14: 30.3 | M14: 11.9 | N14: 15 | O14: 15 | R14: 70 | U14: 27.6 | X14: 0.36 | Z14: 0.01 | AA14: 1.4 | AB14: 0.1 | AC14: 0.01 | AD14: 0.1 | AF14: 2.83 | AG14: 5.18 | AH14: 0.02 | AI14: 7.66 | AJ14: 6.85 | AK14: 5.78 | AM14: 27.2 | AN14: 251 | AQ14: 7.68 | AR14: 28.58 | AU14: 4.6
B15: 39581 | C15: 0.5 | H15: 228 | M15: 11.2 | AG15: 5.17 | AJ15: 6.87 | AR15: 28.59
B16: 39581 | C16: 1 | H16: 228 | M16: 12.4 | AG16: 5.3 | AJ16: 6.92 | AS16: 28.59
B17: 39581 | C17: 2 | H17: 228 | M17: 12.2 | AG17: 5.02 | AJ17: 6.97 | AR17: 28.6
B18: 39581 | C18: 3 | H18: 228 | M18: 12.3 | AG18: 4.92 | AJ18: 7.03 | AR18: 28.6
A19: 2008 | B19: 39581 | C19: 6 | H19: 228 | M19: 11.7 | AG19: 4.79 | AJ19: 7.07 | AR19: 28.57
B20: 39581 | C20: 9 | H20: 182 | M20: 15.2 | AG20: 0.11 | AJ20: 7.08 | AR20: 26.75
B21: 39581 | C21: 12 | H21: 154 | M21: 17 | AG21: 0.06 | AJ21: 7.08 | AR21: 26.35
B22: 39581 | C22: 15 | H22: 143 | M22: 18 | AG22: 0.02 | AJ22: 7.1 | AR22: 26.18
B23: 39581 | C23: 18 | H23: 139 | M23: 17.9 | AG23: 0 | AJ23: 7.16 | AR23: 26.08
B24: 39581 | C24: 21 | H24: 138 | M24: 17 | AJ24: 7.19 | AR24: 26.05
B25: 39581 | C25: 21.5 | H25: 138 | L25: 17.7 | AJ25: 7.25 | AR25: 26.04
B26: 39680 | C26: 0.3 | D26: 91.5 | E26: 8.95 | F26: 8.95 | G26: 193 | H26: 223 | I26: 34.2 | J26: 48.9 | K26: 2.931 | L26: 13.4 | M26: 44.2 | N26: 1 | O26: 4 | P26: 244194.2 | Q26: 1228.5 | R26: 55 | U26: 75.6 | W26: 31.2 | X26: 0.2 | Z26: 0.041 | AA26: 10.1 | AB26: 0.1 | AC26: 0.01 | AD26: 0.1 | AF26: 9.1 | AH26: 0.02 | AI26: 8.41 | AK26: 5.9 | AM26: 30.7 | AN26: 274 | AR26: 28.71 | AU26: 3.9
B27: 39762 | C27: 0.3 | P27: 510822.5 | Q27: 1592.4
B28: 39987 | C28: 0.3 | P28: 328176 | Q28: 206.4 | AR28: 29 | AS28: 29
A29: 2009 | B29: 40032 | C29: 0.3 | P29: 448188 | Q29: 338 | AR29: 28
B30: 40130 | C30: 0.3 | P30: 675508.2
B31: 40304 | C31: 0.3 | D31: 60.6 | E31: 14.6 | F31: 8.95 | G31: 190 | I31: 11.5 | J31: 27 | L31: 71.6 | N31: 900 | P31: 1495020.8 | Q31: 0 | S31: 5.8 | W31: 18.9 | X31: 0.2 | Z31: 0.09 | AA31: 10.7 | AB31: 0.1 | AC31: 0.01 | AD31: 0.13 | AE31: 0.834 | AH31: 0.02 | AI31: 8.8 | AM31: 35.5 | AN31: 155.5 | AP31: 182.3 | AQ31: 10.4 | AS31: 31 | AU31: 18
B32: 40304 | C32: 4.7 | Z32: 0.08 | AB32: 0.1 | AC32: 0.01 | AD32: 0.125 | AE32: 0.75 | AS32: 31
B33: 40304 | C33: 9.1 | Z33: 0.072 | AB33: 0.1 | AC33: 0.01 | AD33: 0.141 | AE33: 0.712 | AS33: 31
A34: 2010 | B34: 40304 | C34: 13.5 | Z34: 0.085 | AB34: 0.1 | AC34: 0.01 | AD34: 0.158 | AE34: 0.831 | AS34: 31
B35: 40304 | C35: 17.5 | Z35: 0.102 | AB35: 0.1 | AC35: 0.01 | AD35: 0.18 | AE35: 0.931 | AS35: 31
B36: 40395 | C36: 0.3 | P36: 691727.4
B37: 40512 | C37: 0.3 | D37: 77 | E37: 21 | F37: 8.95 | G37: 250 | I37: 14 | J37: 33.5 | L37: 79.3 | P37: 713069.7 | R37: 10 | S37: 6.2 | W37: 5.7 | X37: 0.2 | Z37: 0.137 | AA37: 15.8 | AE37: 0.871 | AH37: 0.02 | AI37: 9.2 | AM37: 38.6 | AN37: 183.3 | AP37: 195 | AQ37: 13.5 | AS37: 31 | AU37: 31.8
B38: 40512 | C38: 15.5 | Z38: 0.201 | AE38: 0.686 | AS38: 31
B39: 40512 | C39: 8 | Z39: 0.137 | AE39: 0.798 | AS39: 31
B40: 40666 | C40: 0.3 | P40: 344968.8 | Q40: 107.4
A41: 2011 | B41: 40784 | C41: 0.3 | P41: 597980.6 | Q41: 0
B42: 40890 | C42: 0.3 | D42: 72.2 | E42: 8.95 | F42: 8.95 | G42: 200 | I42: 11.2 | J42: 22.3 | L42: 51.6 | N42: 110 | P42: 517237.6 | Q42: 106 | R42: 25 | S42: 10 | W42: 1 | X42: 0.2 | Z42: 0.01 | AA42: 19.9 | AB42: 0.1 | AC42: 0.01 | AD42: 0.31 | AH42: 0.02 | AI42: 7.6 | AM42: 38.8 | AN42: 166 | AP42: 188.2 | AQ42: 7.68 | AS42: 29 | AU42: 25.3
B43: 41173 | C43: 0.3 | D43: 87.1 | E43: 8.95 | F43: 8.95 | G43: 220 | I43: 8.25 | J43: 38.3 | L43: 83.3 | N43: 1 | P43: 194779.2 | Q43: 986 | R43: 20 | S43: 2.1 | W43: 1 | X43: 0.2 | Z43: 0.01 | AA43: 10.94 | AH43: 0.02 | AI43: 7.72 | AM43: 55 | AN43: 165 | AP43: 171.25 | AQ43: 9.68 | AS43: 28.9 | AU43: 24.35
B44: 41173 | C44: 0.9 | Z44: 0.01 | AS44: 28.9
B45: 41173 | C45: 1.8 | Z45: 0.01 | AS45: 28.9
A46: 2012 | B46: 41173 | C46: 7.9 | Z46: 0.055 | AS46: 28.9
B47: 41173 | C47: 14 | Z47: 0.022 | AS47: 28.9
B48: 41241 | C48: 0.3 | D48: 94.5 | E48: 8.95 | F48: 8.95 | G48: 220 | I48: 24.47 | J48: 113.41 | L48: 12.7 | N48: 1 | P48: 28028.8 | Q48: 415.8 | R48: 20 | S48: 2 | W48: 1 | X48: 0.24 | Z48: 0.034 | AA48: 9.11 | AE48: 0.025 | AH48: 0.02 | AI48: 8.2 | AM48: 85 | AN48: 160.75 | AP48: 163.5 | AQ48: 7.68 | AS48: 31.7 | AU48: 9.63
B49: 41241 | C49: 17 | Z49: 0.086 | AE49: 0.282 | AS49: 31.7
B50: 41325 | C50: 0.3 | D50: 99.5 | E50: 8.95 | F50: 8.95 | G50: 240 | I50: 17.36 | J50: 57.38 | L50: 14.95 | N50: 14 | P50: 46468 | Q50: 3658 | R50: 20 | S50: 2 | W50: 4.86 | X50: 0.2 | Z50: 0.034 | AA50: 18.22 | AH50: 0.02 | AI50: 8.26 | AM50: 40.2 | AN50: 187.5 | AP50: 187.5 | AQ50: 7.68 | AU50: 5.4
B51: 41325 | C51: 4.3 | Z51: 0.044
B52: 41325 | C52: 8.3 | Z52: 0.036
B53: 41325 | C53: 12.3 | Z53: 0.073
B54: 41325 | C54: 16 | Z54: 0.045
A55: 2013 | B55: 41417 | C55: 0.3 | D55: 67.2 | E55: 8.95 | F55: 8.95 | I55: 27.52 | J55: 35.05 | L55: 11.2 | N55: 1 | P55: 15940 | Q55: 777 | R55: 5 | S55: 2 | W55: 1 | X55: 0.2 | Z55: 0.025 | AA55: 4.29 | AE55: 2.184 | AH55: 0.02 | AI55: 7.87 | AM55: 135.1 | AN55: 519.25 | AP55: 521.5 | AQ55: 7.68 | AS55: 29.4 | AU55: 65.55
B56: 41417 | C56: 2.1 | Z56: 0.029 | AS56: 29.4
B57: 41417 | C57: 4.2 | Z57: 0.023 | AS57: 29.4
B58: 41417 | C58: 10.1 | Z58: 0.026 | AS58: 29.4
B59: 41417 | C59: 16 | Z59: 0.098 | AS59: 29.4
B60: 41536 | C60: 0.3 | P60: 178066 | Q60: 519 | Z60: 0.051 | AE60: 0.766 | AS60: 35.4
B61: 41591 | C61: 0.3 | P61: 145848 | Q61: 5832 | Z61: 0.07 | AE61: 0.891 | AS61: 32.4
B62: 41696 | C62: 0.3 | D62: 72.51 | E62: 28.19 | F62: 8.95 | G62: 406 | H62: 360 | I62: 16.58 | J62: 51.32 | L62: 53.74 | N62: 1 | P62: 229645 | Q62: 11404 | R62: 30 | V62: 1 | W62: 10.16 | X62: 0.24 | Y62: 0.2 | Z62: 0.071 | AA62: 13.32 | AE62: 2 | AG62: 9.99 | AH62: 0.02 | AI62: 9.17 | AJ62: 8.3 | AM62: 22.92 | AN62: 243 | AO62: 220 | AP62: 260 | AQ62: 15.56 | AR62: 29.27 | AS62: 31.8 | AU62: 10.19
B63: 41696 | C63: 7.1 | Z63: 0.071 | AE63: 1.68 | AS63: 31.8
B64: 41696 | C64: 1.7 | Z64: 0.09 | AE64: 1.85 | AS64: 31.8
B65: 41696 | C65: 12 | Z65: 0.164 | AE65: 1.92 | AS65: 31.8
B66: 41696 | C66: 2.2 | Z66: 0.081 | AE66: 1.99 | AS66: 31.8
B67: 41788 | C67: 0.3 | D67: 97.52 | E67: 8.95 | F67: 8.95 | H67: 385 | I67: 17.42 | J67: 7.35 | L67: 38.34 | N67: 1 | P67: 154479 | R67: 30 | V67: 1 | W67: 9.45 | Y67: 0.2 | Z67: 0.132 | AA67: 11.4 | AE67: 1.99 | AG67: 8.3 | AH67: 0.02 | AI67: 9.26 | AJ67: 8.81 | AM67: 34 | AN67: 226.9 | AO67: 233 | AP67: 238.5 | AR67: 28.85 | AU67: 13.8
B68: 41788 | C68: 0.8 | Z68: 0.049 | AE68: 1.34
B69: 41788 | C69: 1.5 | Z69: 0.064 | AE69: 1.56
B70: 41788 | C70: 6.8 | Z70: 0.089 | AE70: 1.99
B71: 41788 | C71: 12 | Z71: 0.107 | AE71: 2.05
A72: 2014 | B72: 41885 | C72: 0.3 | D72: 104.44 | E72: 12.05 | F72: 8.95 | G72: 401 | H72: 410 | I72: 19.2 | J72: 55.63 | L72: 79.49 | P72: 137163 | Q72: 771 | R72: 40 | V72: 1 | W72: 3.13 | X72: 0.2 | Y72: 0.2 | Z72: 0.058 | AA72: 12.48 | AE72: 5.24 | AG72: 6.97 | AH72: 0.02 | AI72: 9.08 | AJ72: 8.33 | AM72: 42 | AN72: 246.6 | AO72: 255 | AP72: 252 | AQ72: 9.2 | AR72: 27.33 | AS72: 24.7 | AU72: 16.6
B73: 41885 | C73: 0.8 | Z73: 0.048 | AE73: 5.14 | AS73: 24.7
B74: 41885 | C74: 1.5 | Z74: 0.051 | AE74: 5.38 | AS74: 24.7
B75: 41885 | C75: 6.5 | Z75: 0.055 | AE75: 5.29 | AS75: 24.7
B76: 41885 | C76: 11.5 | Z76: 0.072 | AE76: 5.12 | AS76: 24.7
B77: 41976 | C77: 0.3 | D77: 80.63 | E77: 27.53 | F77: 8.95 | G77: 421 | H77: 460 | I77: 17.03 | J77: 61.8 | L77: 162.19 | P77: 668864 | Q77: 9756 | R77: 40 | V77: 1 | W77: 71.51 | X77: 0.2 | Y77: 0.2 | Z77: 0.048 | AA77: 6.65 | AE77: 2.08 | AG77: 9.16 | AH77: 0.02 | AI77: 9.1 | AJ77: 8.23 | AM77: 33 | AN77: 262.5 | AO77: 280 | AP77: 287 | AQ77: 15.22 | AR77: 28.45 | AS77: 31.8 | AT77: 2.7 | AU77: 18.9 | AV77: 12
B78: 41976 | C78: 1.2 | Z78: 0.055 | AE78: 2.07 | AS78: 31.8 | AT78: 2.7
B79: 41976 | C79: 5.1 | Z79: 0.052 | AE79: 2.43 | AS79: 31.8 | AT79: 2.7
B80: 41976 | C80: 9 | Z80: 0.066 | AE80: 2.33 | AS80: 31.8 | AT80: 2.7
B81: 42060 | C81: 0.3 | D81: 145.52 | E81: 8.95 | F81: 8.95 | G81: 410 | H81: 490 | I81: 19.09 | J81: 65.68 | L81: 57.07 | P81: 3182890 | Q81: 1037 | R81: 40 | V81: 1 | W81: 1 | X81: 0.2 | Y81: 0.2 | Z81: 0.067 | AA81: 12.83 | AE81: 3.46 | AG81: 6.18 | AH81: 0.02 | AI81: 8.59 | AJ81: 8.29 | AL81: 0.22 | AM81: 66 | AN81: 290 | AO81: 300 | AP81: 300 | AQ81: 7.68 | AU81: 20.8 | AV81: 14
A82: 2015 | B82: 42144 | C82: 0.3 | D82: 107.77 | E82: 19.96 | F82: 8.95 | G82: 459 | H82: 520 | I82: 21.667 | J82: 65.56 | L82: 130.53 | P82: 165365 | Q82: 1555 | R82: 30 | V82: 1 | W82: 2.06 | X82: 0.2 | Y82: 0.2 | Z82: 0.1 | AA82: 11.5 | AE82: 3.01 | AG82: 10.84 | AH82: 0.02 | AI82: 9.07 | AJ82: 8.84 | AL82: 0.23 | AM82: 50 | AN82: 310 | AO82: 310 | AP82: 322 | AQ82: 7.68 | AS82: 32.7 | AU82: 25.6 | AV82: 17.7
B83: 42235 | C83: 0.3 | D83: 101.43 | E83: 40.17 | F83: 8.95 | G83: 484 | H83: 550 | I83: 20.59 | J83: 75.51 | L83: 146.1 | P83: 803496 | Q83: 1555 | R83: 30 | V83: 1 | W83: 4.06 | X83: 0.2 | Y83: 0.2 | Z83: 0.104 | AA83: 15.68 | AE83: 2.82 | AG83: 10.46 | AH83: 0.02 | AI83: 9.25 | AJ83: 8.31 | AL83: 0.24 | AM83: 52.81 | AN83: 346.5 | AO83: 330 | AP83: 360.5 | AQ83: 7.68 | AS83: 31.2 | AU83: 32.1 | AV83: 21.4
B84: 42333 | C84: 0.3 | D84: 133.86 | E84: 29.75 | F84: 8.95 | G84: 545 | H84: 638 | I84: 24.554 | J84: 72.7 | L84: 142.92 | P84: 1238917 | Q84: 14624 | R84: 25 | V84: 1 | W84: 1 | X84: 0.24 | Y84: 0.2 | Z84: 0.116 | AA84: 16.158 | AE84: 4.287 | AG84: 8.73 | AH84: 0.02 | AI84: 9.05 | AJ84: 8.14 | AK84: 10.97 | AL84: 0.29 | AM84: 58.01 | AN84: 372 | AO84: 390 | AP84: 384 | AQ84: 7.68 | AR84: 28.7 | AS84: 32.9 | AT84: 1.1 | AU84: 30.1
B85: 42390 | C85: 0.3 | D85: 127.75 | E85: 23.4 | F85: 8.95 | G85: 570 | H85: 584 | I85: 24.24 | J85: 83.82 | L85: 120.32 | P85: 683876 | Q85: 7661 | R85: 15 | V85: 6.3 | W85: 1 | X85: 0.2 | Y85: 0.2 | Z85: 0.135 | AA85: 18.9 | AE85: 4.163 | AG85: 5.01 | AH85: 0.02 | AI85: 8.53 | AJ85: 8.23 | AK85: 13.24 | AL85: 0.27 | AM85: 60.63 | AN85: 380.5 | AO85: 360 | AP85: 392.5 | AQ85: 7.68 | AR85: 27.57 | AS85: 25.7 | AT85: 0.7 | AU85: 20.5
A86: 2016 | B86: 42488 | C86: 0.3 | D86: 157.34 | E86: 8.95 | F86: 8.95 | G86: 554 | H86: 527 | I86: 26.42 | J86: 79.41 | L86: 211.43 | P86: 929725 | Q86: 8294 | R86: 15 | V86: 1 | W86: 1.69 | X86: 0.2 | Y86: 0.2 | Z86: 0.161 | AA86: 17.29 | AE86: 3.85 | AG86: 5.86 | AH86: 0.02 | AI86: 8.78 | AJ86: 8.13 | AK86: 12 | AM86: 52 | AN86: 371 | AO86: 340 | AP86: 394.5 | AQ86: 7.68 | AR86: 28.74 | AS86: 29.9 | AT86: 5.5 | AU86: 33.7
B87: 42585 | C87: 0.3 | D87: 127.15 | E87: 19.26 | F87: 8.95 | G87: 519 | H87: 522 | I87: 26.93 | J87: 80.39 | L87: 204.25 | P87: 109121 | Q87: 4665 | R87: 20 | V87: 1 | W87: 8.48 | X87: 0.25 | Y87: 0.2 | Z87: 0.106 | AA87: 18.12 | AE87: 4.187 | AG87: 12.54 | AH87: 0.02 | AI87: 9.01 | AJ87: 8.27 | AK87: 15 | AL87: 0.25 | AM87: 59 | AN87: 374 | AO87: 340 | AP87: 402 | AQ87: 7.68 | AR87: 29.65 | AS87: 33.4 | AT87: 2.8 | AU87: 40.7
B88: 42677 | C88: 0.3 | D88: 150.42 | E88: 18.58 | F88: 8.95 | G88: 587 | H88: 632 | I88: 33.13 | J88: 94.3 | L88: 246.62 | P88: 548076 | Q88: 21239 | R88: 17.5 | V88: 1 | W88: 3.52 | X88: 0.24 | Y88: 0.2 | Z88: 0.12 | AA88: 17.45 | AE88: 4.825 | AG88: 5.5 | AH88: 0.02 | AI88: 9 | AJ88: 8.22 | AK88: 15 | AL88: 0.3 | AM88: 69 | AN88: 406 | AO88: 410 | AP88: 432 | AQ88: 7.68 | AR88: 27.8 | AS88: 31.4 | AT88: 5 | AU88: 33
B89: 42751 | C89: 0.3 | D89: 145.86 | E89: 20.26 | F89: 8.95 | G89: 678 | H89: 680 | I89: 26.14 | J89: 93.13 | L89: 235.56 | P89: 408795 | Q89: 17410 | R89: 25 | V89: 1 | W89: 6.15 | X89: 0.28 | Y89: 0.2 | Z89: 0.314 | AA89: 19.96 | AE89: 4.838 | AG89: 8.04 | AH89: 0.02 | AI89: 8.82 | AJ89: 8.45 | AK89: 19 | AL89: 0.33 | AM89: 65 | AN89: 422.5 | AO89: 440 | AP89: 447 | AQ89: 7.68 | AR89: 28.58 | AS89: 30.6 | AT89: 1.2 | AU89: 44.3
A90: 2017 | B90: 42835 | C90: 0.3 | D90: 86.05 | E90: 8.95 | F90: 8.95 | G90: 326 | H90: 331 | I90: 17.778 | J90: 47.06 | L90: 91.46 | P90: 246530 | Q90: 5919 | R90: 60 | V90: 1 | W90: 3.98 | X90: 0.2 | Y90: 0.2 | Z90: 0.154 | AA90: 9.697 | AE90: 2.425 | AG90: 10.42 | AH90: 0.06 | AI90: 8.68 | AJ90: 8.76 | AK90: 10 | AL90: 0.16 | AM90: 29 | AN90: 331.6 | AO90: 220 | AP90: 342 | AQ90: 7.68 | AR90: 31.79 | AS90: 30.3 | AT90: 3 | AU90: 13.2
B91: 42933 | C91: 0.3 | D91: 71.89 | E91: 16.67 | F91: 8.95 | G91: 336 | H91: 310 | I91: 19.07 | J91: 43.13 | L91: 101.71 | P91: 242087 | Q91: 11922 | R91: 30 | S91: 8.16 | V91: 1 | W91: 5.96 | X91: 0.2 | Y91: 0.2 | Z91: 0.145 | AA91: 8.47 | AE91: 3.02 | AG91: 10.75 | AI91: 9.05 | AK91: 11 | AL91: 0.14 | AM91: 30 | AN91: 232.5 | AO91: 200 | AP91: 246 | AQ91: 16.34 | AR91: 28.31 | AS91: 31.7 | AT91: 1.4 | AU91: 19.7
B92: 43024 | C92: 0.3 | D92: 82.34 | E92: 20.08 | F92: 8.95 | G92: 360 | H92: 330 | I92: 21.224 | J92: 44.7 | P92: 408848 | Q92: 4392 | R92: 40 | S92: 8.21 | V92: 1 | X92: 0.2 | Y92: 0.2 | Z92: 0.112 | AA92: 10.182 | AE92: 2.512 | AG92: 10.52 | AH92: 0.03 | AI92: 9.26 | AJ92: 8.68 | AK92: 9 | AL92: 0.16 | AM92: 29 | AN92: 243 | AO92: 220 | AP92: 254 | AQ92: 7.68 | AR92: 28.58 | AS92: 32.5 | AT92: 2.5 | AU92: 20.6
B93: 43123 | C93: 0.3 | D93: 90.37 | E93: 24.1 | F93: 8.95 | G93: 398 | H93: 370 | I93: 39.999 | J93: 49.02 | L93: 90.35 | P93: 136595 | Q93: 13996 | S93: 11.66 | V93: 1 | W93: 87.36 | X93: 0.21 | Y93: 0.2 | Z93: 0.112 | AA93: 1.959 | AE93: 2.838 | AG93: 12.26 | AH93: 0.05 | AI93: 9.3 | AJ93: 8.69 | AK93: 9 | AL93: 0.17 | AM93: 35 | AN93: 284 | AO93: 240 | AP93: 304 | AQ93: 7.68 | AR93: 27.92 | AS93: 31.3 | AT93: 3.2 | AU93: 21.7
A94: 2018 | B94: 43214 | C94: 0.3 | D94: 87.98 | E94: 18.63 | F94: 8.95 | G94: 360 | H94: 340 | I94: 26.93 | J94: 48.67 | L94: 117.77 | P94: 493408 | Q94: 4178 | R94: 30 | S94: 7.83 | V94: 5.2 | W94: 2.72 | X94: 0.3 | Y94: 0.2 | Z94: 0.115 | AA94: 3.326 | AE94: 2.188 | AG94: 29 | AH94: 0.02 | AI94: 9 | AJ94: 8.7 | AK94: 9 | AL94: 0.16 | AM94: 30 | AN94: 182 | AO94: 220 | AP94: 193 | AQ94: 7.68 | AR94: 28.1 | AS94: 28.1 | AT94: 4.6 | AU94: 16.3
B95: 43305 | C95: 0.3 | D95: 92.12 | E95: 8.95 | F95: 8.95 | G95: 290 | H95: 270 | I95: 18.775 | J95: 34 | L95: 95.29 | P95: 178843 | Q95: 8293 | R95: 40 | S95: 3.78 | V95: 2 | W95: 3.11 | X95: 0.32 | Y95: 0.2 | Z95: 0.096 | AA95: 9.796 | AE95: 2.625 | AG95: 4.35 | AH95: 0.02 | AI95: 7.7 | AJ95: 7.18 | AK95: 8 | AL95: 0.13 | AM95: 22 | AN95: 183 | AO95: 170 | AP95: 196 | AQ95: 7.68 | AR95: 26.31 | AS95: 31.5 | AT95: 3.2 | AU95: 17.9
B96: 43397 | C96: 0.3 | D96: 57.62 | E96: 8.95 | F96: 8.95 | G96: 322 | H96: 296 | I96: 17.547 | J96: 37.24 | L96: 107.85 | P96: 208416 | Q96: 1198 | R96: 20 | S96: 7.51 | V96: 1 | W96: 7.51 | X96: 0.26 | Y96: 0.2 | Z96: 0.088 | AA96: 8.526 | AE96: 2.438 | AG96: 10.28 | AH96: 0.02 | AI96: 8.89 | AJ96: 8.24 | AK96: 8 | AL96: 0.14 | AM96: 23 | AN96: 209 | AO96: 193 | AP96: 220 | AQ96: 7.68 | AR96: 27.8 | AS96: 33.8 | AT96: 3.2 | AU96: 16.4
B97: 43488 | C97: 0.3 | D97: 83.24 | E97: 16.24 | F97: 8.95 | G97: 334.4 | H97: 303 | I97: 19.393 | J97: 35.93 | L97: 151.15 | P97: 366523 | Q97: 1597 | R97: 20 | S97: 5.33 | V97: 1 | W97: 8.29 | X97: 0.25 | Y97: 0.2 | Z97: 0.079 | AA97: 11.151 | AB97: 0.1 | AC97: 0.01 | AD97: 0.5 | AE97: 2.363 | AG97: 12.42 | AH97: 0.03 | AI97: 8.84 | AJ97: 8.83 | AK97: 9 | AL97: 0.14 | AM97: 28 | AN97: 220 | AO97: 197 | AP97: 238 | AQ97: 7.68 | AR97: 29.61 | AS97: 28.3 | AT97: 3.4 | AU97: 20.5
A98: 2019 | B98: 43579 | C98: 0.3 | D98: 70.15 | E98: 10.02 | F98: 8.95 | G98: 254.9 | H98: 266 | I98: 18.585 | J98: 36 | L98: 113.47 | P98: 615268 | Q98: 1198 | R98: 25 | S98: 6.4 | V98: 2 | W98: 3.67 | X98: 0.26 | Y98: 0.2 | Z98: 0.099 | AA98: 11.151 | AD98: 0.477 | AE98: 2.088 | AG98: 9.27 | AH98: 0.02 | AI98: 9 | AJ98: 8.75 | AK98: 8 | AL98: 0.12 | AM98: 21 | AN98: 181.5 | AO98: 173 | AP98: 201 | AQ98: 10 | AR98: 30.58 | AS98: 29.4 | AT98: 1.5 | AU98: 17.6
B99: 43670 | C99: 0.3 | D99: 76.74 | E99: 8.95 | F99: 8.95 | G99: 218.3 | H99: 224 | I99: 20.408 | J99: 25 | L99: 89.05 | P99: 1006805.5 | Q99: 13662.6 | R99: 60 | S99: 5.71 | V99: 1 | W99: 3.17 | X99: 0.2 | Y99: 0.2 | Z99: 0.091 | AA99: 4.897 | AB99: 0.1 | AC99: 0.01 | AE99: 2.288 | AG99: 6.34 | AH99: 0.02 | AI99: 7.78 | AJ99: 7.8 | AK99: 7 | AL99: 0.1 | AM99: 16 | AN99: 136 | AO99: 145 | AP99: 152 | AQ99: 10 | AR99: 27.82 | AS99: 28 | AT99: 2.5 | AU99: 14.5
B100: 43761 | C100: 0.3 | D100: 69.35 | E100: 30.15 | F100: 8.95 | G100: 241.7 | H100: 245 | I100: 18.968 | J100: 27.94 | L100: 12.98 | P100: 364602.6 | Q100: 4918.2 | R100: 10 | S100: 2.17 | V100: 1 | W100: 8.22 | X100: 0.29 | Y100: 0.2 | Z100: 0.084 | AA100: 6.927 | AD100: 0.17 | AE100: 1.65 | AG100: 9.79 | AH100: 0.02 | AI100: 9 | AJ100: 8.79 | AK100: 7 | AL100: 0.11 | AM100: 18 | AN100: 155.5 | AO100: 159 | AP100: 167 | AQ100: 10 | AR100: 29.88 | AS100: 33.5 | AT100: 0.3 | AU100: 14.8
...
